gene_IDs	gene_names	slope	action	essentiality
Q0045	COX1	23.4871945891049	KD	nonessential
Q0250	COX2	23.4871945891049	KD	nonessential
Q0275	COX3	23.4871945891049	KD	nonessential
YDL067C	COX9	23.4871945891049	KD	nonessential
YDR231C	COX20	23.4871945891049	KD	nonessential
YGL187C	COX4	23.4871945891049	KD	nonessential
YGL191W	COX13	23.4871945891049	KD	nonessential
YGR062C	COX18	23.4871945891049	KD	nonessential
YHR051W	COX6	23.4871945891049	KD	nonessential
YHR116W	COX23	23.4871945891049	KD	nonessential
YIL111W	COX5B	23.4871945891049	KD	nonessential
YJL003W	COX16	23.4871945891049	KD	nonessential
YLL018C-A	COX19	23.4871945891049	KD	nonessential
YLR038C	COX12	23.4871945891049	KD	nonessential
YLR395C	COX8	23.4871945891049	KD	nonessential
YMR256C	COX7	23.4871945891049	KD	nonessential
YNL052W	COX5A	23.4871945891049	KD	nonessential
YPL132W	COX11	23.4871945891049	KD	nonessential
Q0080	ATP8	20.3703946114472	KD	nonessential
Q0085	ATP6	20.3703946114472	KD	nonessential
Q0130	OLI1	20.3703946114472	KD	nonessential
YBL099W	ATP1	20.3703946114472	KD	nonessential
YBR039W	ATP3	20.3703946114472	KD	nonessential
YDL004W	ATP16	20.3703946114472	KD	nonessential
YDR298C	ATP5	20.3703946114472	KD	nonessential
YDR322C-A	TIM11	20.3703946114472	KD	nonessential
YDR377W	ATP17	20.3703946114472	KD	nonessential
YJR121W	ATP2	20.3703946114472	KD	nonessential
YKL016C	ATP7	20.3703946114472	KD	nonessential
YLR295C	ATP14	20.3703946114472	KD	nonessential
YML081C-A	ATP18	20.3703946114472	KD	nonessential
YOL077W-A	ATP19	20.3703946114472	KD	nonessential
YPL078C	ATP4	20.3703946114472	KD	nonessential
YPL271W	ATP15	20.3703946114472	KD	nonessential
YPR020W	ATP20	20.3703946114472	KD	nonessential
YLL052C	AQY2	18.7881118011894	KD	nonessential
YPR192W	AQY1	18.7881118011894	KD	nonessential
YEL039C	CYC7	11.7117016129784	KD	nonessential
YJR048W	CYC1	11.7117016129784	KD	nonessential
Q0105	COB	10.7453698897941	KD	nonessential
YBL045C	COR1	10.7453698897941	KD	nonessential
YDR529C	QCR7	10.7453698897941	KD	nonessential
YEL024W	RIP1	10.7453698897941	KD	nonessential
YFR033C	QCR6	10.7453698897941	KD	nonessential
YGR183C	QCR9	10.7453698897941	KD	nonessential
YHR001W-A	QCR10	10.7453698897941	KD	nonessential
YJL166W	QCR8	10.7453698897941	KD	nonessential
YOR065W	CYT1	10.7453698897941	KD	nonessential
YPR191W	QCR2	10.7453698897941	KD	nonessential
YDL085W	NDE2	10.6446525602872	KD	nonessential
YMR145C	NDE1	10.6446525602872	KD	nonessential
YMR267W	PPA2	8.70050116695734	KD	nonessential
YDL166C	FAP7	6.35323896184101	KD	nonessential
YDR226W	ADK1	6.35323896184101	KD	nonessential
YDR384C	ATO3	5.39220456620741	KD	nonessential
YGR121C	MEP1	5.39220456620741	KD	nonessential
YNL142W	MEP2	5.39220456620741	KD	nonessential
YPR138C	MEP3	5.39220456620741	KD	nonessential
YGL256W	ADH4	5.25939619762863	KD	nonessential
YMR083W	ADH3	5.25939619762863	KD	nonessential
YAL062W	GDH3	4.67223860159041	KD	nonessential
YOR375C	GDH1	4.67223860159041	KD	nonessential
YNL036W	NCE103	4.10275203865852	KD	nonessential
YGR248W	SOL4	3.19843418935443	KD	nonessential
YHR163W	SOL3	3.19843418935443	KD	nonessential
YNL241C	ZWF1	3.19843418935443	KD	nonessential
YGR256W	GND2	3.19843418935443	KD	nonessential
YHR183W	GND1	3.19843418935443	KD	nonessential
YBR218C	PYC2	2.85902836406149	KD	nonessential
YGL062W	PYC1	2.85902836406149	KD	nonessential
YBR221C	PDB1	2.20939009168991	KD	nonessential
YER178W	PDA1	2.20939009168991	KD	nonessential
YFL018C	LPD1	2.20939009168991	KD	nonessential
YGR193C	PDX1	2.20939009168991	KD	nonessential
YNL071W	LAT1	2.20939009168991	KD	nonessential
YJL121C	RPE1	2.19165676359853	KD	nonessential
YOL126C	MDH2	1.8100747047626	KD	nonessential
YBR296C	PHO89	1.64927468480233	KD	nonessential
YCR037C	PHO87	1.64927468480233	KD	nonessential
YJL198W	PHO90	1.64927468480233	KD	nonessential
YML123C	PHO84	1.64927468480233	KD	nonessential
YNR013C	PHO91	1.64927468480233	KD	nonessential
YAL054C	ACS1	1.49808989720994	KD	nonessential
YLR153C	ACS2	1.49808989720994	KD	nonessential
YPL061W	ALD6	1.44244868697043	KD	nonessential
YKL085W	MDH1	1.37298577234591	KD	nonessential
YNR001C	CIT1	1.37298577234591	KD	nonessential
YPR001W	CIT3	1.37298577234591	KD	nonessential
YNL037C	IDH1	1.28700865369466	KD	nonessential
YOR136W	IDH2	1.28700865369466	KD	nonessential
YHL012W	YHL012W	1.24672291337687	KD	nonessential
YKL035W	UGP1	1.24672291337687	KD	nonessential
YKL127W	PGM1	1.24672291337687	KD	nonessential
YMR105C	PGM2	1.24672291337687	KD	nonessential
YOR222W	ODC2	1.17427415192409	KD	nonessential
YPL134C	ODC1	1.17427415192409	KD	nonessential
YKL067W	YNK1	1.09854468379414	KD	essential
YOR095C	RKI1	1.00509214130621	KD	essential
YBR145W	ADH5	1	OE	nonessential
YDL168W	SFA1	1	OE	nonessential
YDR380W	ARO10	1	OE	nonessential
YOL086C	ADH1	1	OE	nonessential
YDL141W	BPL1	0.99778967368709	KD	essential
YNR016C	ACC1	0.99778967368709	KD	essential
YDL178W	DLD2	0.902540360036166	KD	nonessential
YNL316C	PHA2	0.87039515104587	OE	essential
YPR021C	AGC1	0.854094982053236	KD	nonessential
YJL200C	ACO2	0.825002615902677	KD	nonessential
YKL029C	MAE1	0.799269790837405	KD	nonessential
YPR035W	GLN1	0.781294208814471	KD	essential
YPR060C	ARO7	0.77166703914368	OE	essential
YGL148W	ARO2	0.739009772793256	OE	essential
YBR249C	ARO4	0.739009772793255	OE	nonessential
YDR035W	ARO3	0.739009772793255	OE	nonessential
YDR127W	ARO1	0.739009772793255	OE	essential
YHR137W	ARO9	0.723967216406443	KD	nonessential
YGR032W	GSC2	0.622830592071439	KD	nonessential
YLR342W	FKS1	0.622830592071439	KD	nonessential
YMR306W	FKS3	0.622830592071439	KD	nonessential
YPR165W	RHO1	0.622830592071439	KD	essential
YAL023C	PMT2	0.591568564626232	KD	nonessential
YDL055C	PSA1	0.591568564626232	KD	essential
YDL093W	PMT5	0.591568564626232	KD	nonessential
YDL095W	PMT1	0.591568564626232	KD	nonessential
YER003C	PMI40	0.591568564626232	KD	essential
YFL045C	SEC53	0.591568564626232	KD	essential
YJR143C	PMT4	0.591568564626232	KD	nonessential
YOR321W	PMT3	0.591568564626232	KD	nonessential
YPR183W	DPM1	0.591568564626232	KD	essential
YGL202W	ARO8	0.565295762410009	KD	nonessential
YGR208W	SER2	0.557062753439901	KD	nonessential
YOR184W	SER1	0.557062753439901	KD	nonessential
YJR016C	ILV3	0.543183040785016	KD	essential
YCL009C	ILV6	0.543183040785016	KD	nonessential
YLR355C	ILV5	0.543183040785016	KD	essential
YMR108W	ILV2	0.543183040785016	KD	essential
YHR208W	BAT1	0.543004644308389	KD	essential
YER081W	SER3	0.471933945143623	KD	nonessential
YIL074C	SER33	0.471933945143623	KD	nonessential
YOR335C	ALA1	0.444082915746149	KD	essential
YLR058C	SHM2	0.406923088959438	KD	nonessential
YFR015C	GSY1	0.300730592315902	KD	nonessential
YJL137C	GLG2	0.300730592315902	KD	nonessential
YKR058W	GLG1	0.300730592315902	KD	nonessential
YLR258W	GSY2	0.300730592315902	KD	nonessential
YGL245W	GUS1	0.292119078157773	KD	essential
YLL018C	DPS1	0.28795701227895	KD	essential
YJR148W	BAT2	0.286892293726738	KD	essential
YCL018W	LEU2	0.286892293726738	KD	essential
YGL009C	LEU1	0.286892293726738	KD	essential
YNL104C	LEU4	0.286892293726738	KD	nonessential
YOR108W	LEU9	0.286892293726738	KD	nonessential
YPL160W	CDC60	0.286892293726738	KD	essential
YBR121C	GRS1	0.281084745854585	KD	nonessential
YPR081C	GRS2	0.281084745854585	KD	nonessential
YBL068W	PRS4	0.278590249426947	KD	nonessential
YER099C	PRS2	0.278590249426947	KD	nonessential
YHL011C	PRS3	0.278590249426947	KD	nonessential
YKL181W	PRS1	0.278590249426947	KD	nonessential
YOL061W	PRS5	0.278590249426947	KD	nonessential
YDR037W	KRS1	0.277019459459445	KD	essential
YIR034C	LYS1	0.277019459459445	KD	essential
YBR115C	LYS2	0.277019459459445	KD	essential
YDL131W	LYS21	0.277019459459445	KD	nonessential
YDL182W	LYS20	0.277019459459445	KD	nonessential
YGL154C	LYS5	0.277019459459445	KD	essential
YNR050C	LYS9	0.277019459459445	KD	essential
YDR234W	LYS4	0.277019459459444	KD	essential
YER152C	YER152C	0.277019459459444	KD	nonessential
YIL094C	LYS12	0.277019459459444	KD	essential
YJL060W	BNA3	0.277019459459444	KD	nonessential
YPL262W	FUM1	0.261490728514397	KD	nonessential
YGR094W	VAS1	0.256112350581651	KD	essential
